name,phone,website,address,city,state,zipcode,latitude,longitude,rating,reviews_count,verified,logo,hours_monday,hours_tuesday,hours_wednesday,hours_thursday,hours_friday,hours_saturday,hours_sunday,place_id,found_by_query
"Belt, Bruner & Barnett Personal Injury Lawyers Birmingham",+1 659-300-5233,https://www.alabamainjurylawyer.com/%3Futm_campaign%3Dgmb,"880 Montclair Rd Ste 300, Birmingham, AL 35213",Birmingham,Alabama,35213,33.517416499999996,-86.74679569999999,4.9,157,True,https://lh4.googleusercontent.com/-Y5lxI4EmP5k/AAAAAAAAAAI/AAAAAAAAAAA/8Nf6qs6fPgk/s400-p-k-no-ns-nd/photo.jpg,Open 24 hours,Open 24 hours,Open 24 hours,Open 24 hours,Open 24 hours,Open 24 hours,Open 24 hours,ChIJH4jwsp8ZiYgRR1GZS8Z4kGA,medical malpractice lawyer
"Alabama Personal Injury Lawyers, LLC",+1 205-855-2745,http://www.alabamapersonalinjurylawyers.com/%3Futm_source%3DGMBlisting%26utm_medium%3Dorganic,"1100 23rd St S, Birmingham, AL 35205",Birmingham,Alabama,35205,33.503402,-86.7914474,4.9,216,True,https://lh6.googleusercontent.com/-5D8KQpkudDM/AAAAAAAAAAI/AAAAAAAAAAA/fNCFIYe3Anc/s400-p-k-no-ns-nd/photo.jpg,Open 24 hours,Open 24 hours,Open 24 hours,Open 24 hours,Open 24 hours,Open 24 hours,Open 24 hours,ChIJS28DkCkjiYgRU_QDdTSPAdM,medical malpractice lawyer
"Marsh | Rickard | Bryan, LLC | Personal Injury Attorneys",+1 205-927-0222,https://www.mrblaw.com/,"2222 Arlington Ave S Suite 210, Birmingham, AL 35205",Birmingham,Alabama,35205,33.500290299999996,-86.78853339999999,4.8,60,True,https://lh5.googleusercontent.com/-5DnHYhvqgLw/AAAAAAAAAAI/AAAAAAAAAAA/-9mO9x2PKL4/s400-p-k-no-ns-nd/photo.jpg,Open 24 hours,Open 24 hours,Open 24 hours,Open 24 hours,Open 24 hours,Open 24 hours,Open 24 hours,ChIJ8w5qwpEZiYgRSpGASSaKpEg,medical malpractice lawyer
"Farris, Riley & Pitt, LLP",+1 205-407-1808,https://www.frplegal.com/%3Futm_source%3DGMB%26utm_medium%3Dorganic%26utm_campaign%3DBirmingham,"1728 3rd Ave N Fifth Floor, Birmingham, AL 35203",Birmingham,Alabama,35203,33.5148584,-86.8102318,4.8,443,True,https://lh6.googleusercontent.com/-38uQnn5fBlo/AAAAAAAAAAI/AAAAAAAAAAA/KUGex-B168I/s400-p-k-no-ns-nd/photo.jpg,Open 24 hours,Open 24 hours,Open 24 hours,Open 24 hours,Open 24 hours,Open 24 hours,Open 24 hours,ChIJB6DW65YbiYgRxSJK_L4Ntwg,medical malpractice lawyer
Morris Bart Personal Injury Lawyers,+1 205-380-4158,https://www.morrisbart.com/location/birmingham/,"420 20th St N #2750, Birmingham, AL 35203",Birmingham,Alabama,35203,33.5176223,-86.8084027,4.9,1176,True,https://lh4.googleusercontent.com/-ief92iIt1ws/AAAAAAAAAAI/AAAAAAAAAAA/u2ajImRuIso/s400-p-k-no-ns-nd/photo.jpg,Open 24 hours,Open 24 hours,Open 24 hours,Open 24 hours,Open 24 hours,Open 24 hours,Open 24 hours,ChIJ1WIKH5EbiYgRXFxuJminsHA,medical malpractice lawyer
Norris Injury Lawyers,+1 800-477-7510,https://www.norrisinjurylawyers.com/%3Futm_source%3Dgoogle%26utm_medium%3Dorganic%26utm_campaign%3Dlocal,"201 Vulcan Rd, Birmingham, AL 35209",Birmingham,Alabama,35209,33.464408299999995,-86.825875,4.8,835,True,https://lh6.googleusercontent.com/-KVl6UuiLxLg/AAAAAAAAAAI/AAAAAAAAAAA/mCX3dIxdMnI/s400-p-k-no-ns-nd/photo.jpg,Open 24 hours,Open 24 hours,Open 24 hours,Open 24 hours,Open 24 hours,Open 24 hours,Open 24 hours,ChIJsZK97p8ZiYgR1AXA96_l8Wc,medical malpractice lawyer
Morgan & Morgan,+1 205-517-6900,https://www.forthepeople.com/office-locations/alabama/birmingham/%3Futm_source%3DGMB%26utm_medium%3Dlocal%26utm_campaign%3DBirminghamALGMB,"216 Summit Blvd #300, Birmingham, AL 35243",Birmingham,Alabama,35243,33.4468913,-86.7328261,4.6,2427,True,https://lh5.googleusercontent.com/-gcgrlCN4VQk/AAAAAAAAAAI/AAAAAAAAAAA/-4pgPlrgG8g/s400-p-k-no-ns-nd/photo.jpg,Open 24 hours,Open 24 hours,Open 24 hours,Open 24 hours,Open 24 hours,Open 24 hours,Open 24 hours,ChIJCy4Ij5YbiYgRyT0wFaCq8DE,medical malpractice lawyer
Drake Injury Lawyers,+1 205-970-0800,https://www.drakeinjurylawyers.com/birmingham-personal-injury-lawyer/%3Futm_campaign%3Dgmb,"2 Perimeter Park S #510e, Birmingham, AL 35243",Birmingham,Alabama,35243,33.4356954,-86.72513269999999,4.9,136,True,https://lh3.googleusercontent.com/-lQ1N5QZP_i4/AAAAAAAAAAI/AAAAAAAAAAA/3xY8zC8jJok/s400-p-k-no-ns-nd/photo.jpg,4AM-10PM,4AM-10PM,4AM-10PM,4AM-10PM,4AM-10PM,4AM-10PM,4AM-10PM,ChIJr1hDQisXiYgRXvIyDqrnsFA,medical malpractice lawyer
"Hollis, Wright & Clay, P.C.",+1 205-557-5085,http://www.hollis-wright.com/%3Futm_campaign%3Dgmb,"2201 Morris Ave, Birmingham, AL 35203",Birmingham,Alabama,35203,33.515122,-86.802261,4.8,223,True,https://lh4.googleusercontent.com/-ByHK_T4zDrc/AAAAAAAAAAI/AAAAAAAAAAA/fGRkxKvjak4/s400-p-k-no-ns-nd/photo.jpg,Open 24 hours,Open 24 hours,Open 24 hours,Open 24 hours,Open 24 hours,Open 24 hours,Open 24 hours,ChIJIyOC3pAbiYgRD5NAMxTvH9c,medical malpractice lawyer
Mezrano Alabama Injury Lawyers,+1 205-622-9629,https://mezrano.com/birmingham-injury/%3Futm_source%3Dgoogle%26utm_medium%3Dorganic%26utm_campaign%3Dgbp_listing_birmingham,"31 Inverness Center Pkwy Suite 350, Birmingham, AL 35242",Birmingham,Alabama,35242,33.4200861,-86.7078106,4.7,387,True,https://lh6.googleusercontent.com/-4D3DhVADUtg/AAAAAAAAAAI/AAAAAAAAAAA/4BOVZZErezE/s400-p-k-no-ns-nd/photo.jpg,Open 24 hours,Open 24 hours,Open 24 hours,Open 24 hours,Open 24 hours,Open 24 hours,Open 24 hours,ChIJyyzIFWUZiYgRcuPA2q4Ru1Y,medical malpractice lawyer
"Pittman, Dutton, Hellums, Bradley & Mann, P.C.",+1 205-322-8880,https://www.pittmandutton.com/%3Futm_source%3Dlocal%26utm_medium%3Dorganic%26utm_campaign%3Dgmb,"2001 Park Pl #1100, Birmingham, AL 35203",Birmingham,Alabama,35203,33.5193301,-86.8097533,4.9,103,True,https://lh4.googleusercontent.com/-shScmtYLXtg/AAAAAAAAAAI/AAAAAAAAAAA/4QpiLCyaPyI/s400-p-k-no-ns-nd/photo.jpg,Open 24 hours,Open 24 hours,Open 24 hours,Open 24 hours,Open 24 hours,Open 24 hours,Open 24 hours,ChIJS-plhD0OiYgR5ruzmykFndM,medical malpractice attorney
